<?xml version = '1.0' encoding = 'UTF-8'?>
<FKIndexAssociation class="oracle.dbtools.crest.model.design.relational.FKIndexAssociation" directorySegmentName="seg_0" id="27F620EC-89F2-368E-8D13-F432CCEFF35A" containerWithKeyObject="74273768-81E0-1CEA-2B68-8DFA0BD8E155" localFKIndex="40AAD79D-71D8-9B3C-CAFC-F6CDCC2008C0" name="TBL_ALUMNOS_TBL_PERSONAS_FK">
<createdBy>ErickVladimir</createdBy>
<createdTime>2017-02-03 19:49:50 UTC</createdTime>
<ownerDesignName>BD_UNAH</ownerDesignName>
<referredTableLongName>TBL_PERSONAS</referredTableLongName>
<deleteRule>NO ACTION</deleteRule>
<referredTableID>5F8F781E-1275-19D6-DC56-6440F2229132</referredTableID>
<keyObject>6C81915C-3252-48C7-BBF2-37B510F1F944</keyObject>
<referredKeyID>6C81915C-3252-48C7-BBF2-37B510F1F944</referredKeyID>
<mandatory>true</mandatory>
<refColNames>CODIGO_PERSONA</refColNames>
<transferable>true</transferable>
<rely>false</rely>
<columnDependencyConstraintGenerateInDDL>true</columnDependencyConstraintGenerateInDDL>
</FKIndexAssociation>