<?xml version = '1.0' encoding = 'UTF-8'?>
<FKIndexAssociation class="oracle.dbtools.crest.model.design.relational.FKIndexAssociation" directorySegmentName="seg_0" id="3ACB1177-819C-E68F-466D-BC5AAEEC0F47" containerWithKeyObject="5F8F781E-1275-19D6-DC56-6440F2229132" localFKIndex="B14815D5-E386-92A1-609D-652DACA55B84" name="TBL_ALUMNOS_TBL_LUGARES_FKv1">
<createdBy>ErickVladimir</createdBy>
<createdTime>2017-02-03 17:04:27 UTC</createdTime>
<ownerDesignName>BD_UNAH</ownerDesignName>
<referredTableLongName>TBL_LUGARES</referredTableLongName>
<deleteRule>NO ACTION</deleteRule>
<referredTableID>31CD3A8F-B440-E023-1963-C0E2E41CB25E</referredTableID>
<keyObject>03E6E8E7-7AB4-4527-C39C-DF83B029843B</keyObject>
<referredKeyID>03E6E8E7-7AB4-4527-C39C-DF83B029843B</referredKeyID>
<mandatory>true</mandatory>
<refColNames>CODIGO_LUGAR</refColNames>
<transferable>true</transferable>
<rely>false</rely>
<columnDependencyConstraintGenerateInDDL>true</columnDependencyConstraintGenerateInDDL>
</FKIndexAssociation>