<?xml version = '1.0' encoding = 'UTF-8'?>
<FKIndexAssociation class="oracle.dbtools.crest.model.design.relational.FKIndexAssociation" directorySegmentName="seg_0" id="9D22EBF1-30C8-4371-1AE7-AB762A8D489D" containerWithKeyObject="7A226960-BB10-08B4-B327-A2E1761DB0CC" localFKIndex="AAE81EA0-ACD1-6786-837A-C9245FFCEA9D" name="TBL_ASIGNATURAS_TBL_CARRERAS_FK">
<createdBy>ErickVladimir</createdBy>
<createdTime>2017-02-07 19:36:54 UTC</createdTime>
<ownerDesignName>BD_UNAH</ownerDesignName>
<referredTableLongName>TBL_CARRERAS</referredTableLongName>
<deleteRule>NO ACTION</deleteRule>
<referredTableID>B0F9AE43-A0C6-E714-156E-43D1C31B6ADD</referredTableID>
<keyObject>418F9F4D-F4D1-2DA2-4FFE-3F4258EF485F</keyObject>
<referredKeyID>418F9F4D-F4D1-2DA2-4FFE-3F4258EF485F</referredKeyID>
<mandatory>true</mandatory>
<refColNames>CODIGO_CARRERA</refColNames>
<transferable>true</transferable>
<rely>false</rely>
<columnDependencyConstraintGenerateInDDL>true</columnDependencyConstraintGenerateInDDL>
</FKIndexAssociation>