<?xml version = '1.0' encoding = 'UTF-8'?>
<FKIndexAssociation class="oracle.dbtools.crest.model.design.relational.FKIndexAssociation" directorySegmentName="seg_0" id="F982B96D-5239-4148-59E2-6BB3FFA97BAE" containerWithKeyObject="19B29D44-75E0-4E85-AEDB-328DA3C24823" localFKIndex="C31251ED-656B-3C64-6471-4D2C093EB9BE" name="TBL_MATRICULA_TBL_SECCION_FK">
<createdBy>ErickVladimir</createdBy>
<createdTime>2017-02-08 19:51:22 UTC</createdTime>
<ownerDesignName>BD_UNAH</ownerDesignName>
<referredTableLongName>TBL_SECCION</referredTableLongName>
<deleteRule>NO ACTION</deleteRule>
<referredTableID>7E943C6F-ACFC-61F2-7E07-97944ADC694D</referredTableID>
<keyObject>3E50EEC2-C411-A51B-0C1E-A2C83E8DA88E</keyObject>
<referredKeyID>3E50EEC2-C411-A51B-0C1E-A2C83E8DA88E</referredKeyID>
<mandatory>true</mandatory>
<refColNames>CODIGO_SECCION</refColNames>
<transferable>true</transferable>
<rely>false</rely>
<columnDependencyConstraintGenerateInDDL>true</columnDependencyConstraintGenerateInDDL>
</FKIndexAssociation>