<?xml version = '1.0' encoding = 'UTF-8'?>
<Diagram class="oracle.dbtools.crest.swingui.relational.DPVRelational" name="Relational_1" id="A9BAF0AE-0D16-0264-6D6E-9B8C2EDB3E94">
<createdBy>ErickVladimir</createdBy>
<modifiedBy>ErickVladimir</modifiedBy>
<createdTime>2017-01-31 19:34:29 UTC</createdTime>
<autoRoute>false</autoRoute>
<boxInbox>true</boxInbox>
<showLegend>false</showLegend>
<showLabels>false</showLabels>
<showRelAttributes>false</showRelAttributes>
<gridEnabled>false</gridEnabled>
<showGrid>false</showGrid>
<diagramColor>-1</diagramColor>
<display>false</display>
<notation>1</notation>
<objectViews>
<OView class="oracle.dbtools.crest.swingui.relational.TVTable" oid="004285AC-1199-FAC0-CB6D-4A136547A2DC" otype="Table" vid="257E4AD2-AA63-11BE-1EA0-26458E646641">
<hideElementsInCurrentOnly>false</hideElementsInCurrentOnly>
<bounds x="259" y="1173" width="270" height="92"/>
</OView>
<OView class="oracle.dbtools.crest.swingui.relational.TVTable" oid="004D85B9-BD35-B678-A9DD-5B741CCB4859" otype="Table" vid="D91DA003-2E9D-A868-C9F0-48D63D157086">
<hideElementsInCurrentOnly>false</hideElementsInCurrentOnly>
<bounds x="2235" y="364" width="229" height="90"/>
</OView>
<OView class="oracle.dbtools.crest.swingui.relational.TVTable" oid="01748ED7-4713-C120-C198-A628E5A83F56" otype="Table" vid="4FA62ABD-8DC1-E740-DB90-BC7526BA20F2">
<hideElementsInCurrentOnly>false</hideElementsInCurrentOnly>
<bounds x="1146" y="211" width="234" height="78"/>
</OView>
<OView class="oracle.dbtools.crest.swingui.relational.TVTable" oid="01C704E6-3AC5-A413-3B9A-5432528E314E" otype="Table" vid="B4710A3D-66E6-9CF6-4991-8E25A7473A66">
<hideElementsInCurrentOnly>false</hideElementsInCurrentOnly>
<bounds x="1037" y="738" width="240" height="83"/>
</OView>
<OView class="oracle.dbtools.crest.swingui.relational.TVTable" oid="078F242D-D03B-D816-4DA0-CA73CB00FFD4" otype="Table" vid="C53CB9BC-6585-2B44-5362-50C9FAD4D415">
<hideElementsInCurrentOnly>false</hideElementsInCurrentOnly>
<bounds x="119" y="126" width="249" height="117"/>
</OView>
<OView class="oracle.dbtools.crest.swingui.relational.TVTable" oid="092499D4-4CAC-A92B-895A-D545AEE60144" otype="Table" vid="38F66BD1-C646-3C4E-B646-0DCC477875FC">
<hideElementsInCurrentOnly>false</hideElementsInCurrentOnly>
<bounds x="670" y="890" width="237" height="77"/>
</OView>
<OView class="oracle.dbtools.crest.swingui.relational.TVTable" oid="0C711680-56E5-B0C4-0435-7E0242AAB37A" otype="Table" vid="8CA27E58-E0BF-ECEF-9327-5855B15ECD40">
<hideElementsInCurrentOnly>false</hideElementsInCurrentOnly>
<bounds x="673" y="748" width="255" height="91"/>
</OView>
<OView class="oracle.dbtools.crest.swingui.relational.TVTable" oid="11FDAAEC-3740-8846-B90B-3F68FFDF746E" otype="Table" vid="C1B78A2E-5B15-0BB2-3D61-A698591B2F75">
<hideElementsInCurrentOnly>false</hideElementsInCurrentOnly>
<bounds x="923" y="1153" width="303" height="92"/>
</OView>
<OView class="oracle.dbtools.crest.swingui.relational.TVTable" oid="19B29D44-75E0-4E85-AEDB-328DA3C24823" otype="Table" vid="DAE6A986-E375-C9C1-606E-827ADFC7D4EC">
<hideElementsInCurrentOnly>false</hideElementsInCurrentOnly>
<bounds x="1016" y="998" width="314" height="97"/>
</OView>
<OView class="oracle.dbtools.crest.swingui.relational.TVTable" oid="31CD3A8F-B440-E023-1963-C0E2E41CB25E" otype="Table" vid="CBAB9EE7-A5EE-4B86-999A-2812138238CB">
<hideElementsInCurrentOnly>false</hideElementsInCurrentOnly>
<bounds x="1629" y="761" width="278" height="111"/>
</OView>
<OView class="oracle.dbtools.crest.swingui.relational.TVTable" oid="3826744E-9027-A59A-800C-39D9082ECF66" otype="Table" vid="DF744EE6-09D6-F69D-622D-D96B8B9534DB">
<hideElementsInCurrentOnly>false</hideElementsInCurrentOnly>
<bounds x="1928" y="1244" width="260" height="103"/>
</OView>
<OView class="oracle.dbtools.crest.swingui.relational.TVTable" oid="40D8E0CB-90AB-B51B-024F-1B658E27F63E" otype="Table" vid="FFEBA192-2702-31C9-39BD-810758ABAEA0">
<hideElementsInCurrentOnly>false</hideElementsInCurrentOnly>
<bounds x="2264" y="1216" width="243" height="100"/>
</OView>
<OView class="oracle.dbtools.crest.swingui.relational.TVTable" oid="53A05788-3D26-2BA4-9B55-3262753A212B" otype="Table" vid="00391107-94C9-F380-C2A9-DA60CF0DB7D4">
<hideElementsInCurrentOnly>false</hideElementsInCurrentOnly>
<bounds x="1098" y="330" width="249" height="108"/>
</OView>
<OView class="oracle.dbtools.crest.swingui.relational.TVTable" oid="57596495-6C6B-1CF1-16E2-23C91EE74784" otype="Table" vid="52A20DD8-DB68-ECE2-F093-06319FF0DF57">
<hideElementsInCurrentOnly>false</hideElementsInCurrentOnly>
<bounds x="1859" y="503" width="283" height="112"/>
</OView>
<OView class="oracle.dbtools.crest.swingui.relational.TVTable" oid="5A0795BE-49F0-DFB9-B59A-9221F705943C" otype="Table" vid="FDB56DB5-3AEC-59FB-B329-87CA2535CDE1">
<hideElementsInCurrentOnly>false</hideElementsInCurrentOnly>
<bounds x="2194" y="695" width="276" height="82"/>
</OView>
<OView class="oracle.dbtools.crest.swingui.relational.TVTable" oid="5B9CF3F7-60DF-C227-636F-DB0AB925DB42" otype="Table" vid="2C1A049E-78DC-EE27-EFF5-8AC5945FD9DC">
<hideElementsInCurrentOnly>false</hideElementsInCurrentOnly>
<bounds x="917" y="82" width="223" height="79"/>
</OView>
<OView class="oracle.dbtools.crest.swingui.relational.TVTable" oid="5F8F781E-1275-19D6-DC56-6440F2229132" otype="Table" vid="0EBC3952-BDE9-3E10-D898-47BFE2C84D34">
<hideElementsInCurrentOnly>false</hideElementsInCurrentOnly>
<bounds x="1454" y="369" width="313" height="321"/>
</OView>
<OView class="oracle.dbtools.crest.swingui.relational.TVTable" oid="638A964C-A89D-15E9-AFCF-624B161BFEDD" otype="Table" vid="FF37D145-4384-262E-393D-E510B37346B2">
<hideElementsInCurrentOnly>false</hideElementsInCurrentOnly>
<bounds x="352" y="630" width="313" height="68"/>
</OView>
<OView class="oracle.dbtools.crest.swingui.relational.TVTable" oid="74273768-81E0-1CEA-2B68-8DFA0BD8E155" otype="Table" vid="A56314A7-5B5B-2E4C-6209-6F9C95E1C1CE">
<hideElementsInCurrentOnly>false</hideElementsInCurrentOnly>
<bounds x="1020" y="591" width="313" height="89"/>
</OView>
<OView class="oracle.dbtools.crest.swingui.relational.TVTable" oid="748D7AA0-1EBF-FEB9-0874-8B52CF77634D" otype="Table" vid="9654B074-B74C-9D21-E585-395EBEB45205">
<hideElementsInCurrentOnly>false</hideElementsInCurrentOnly>
<bounds x="712" y="544" width="250" height="116"/>
</OView>
<OView class="oracle.dbtools.crest.swingui.relational.TVTable" oid="7A226960-BB10-08B4-B327-A2E1761DB0CC" otype="Table" vid="55CF64D4-E87E-646E-2A0E-3C5F04985A0E">
<hideElementsInCurrentOnly>false</hideElementsInCurrentOnly>
<bounds x="145" y="449" width="351" height="125"/>
</OView>
<OView class="oracle.dbtools.crest.swingui.relational.TVTable" oid="7E943C6F-ACFC-61F2-7E07-97944ADC694D" otype="Table" vid="F88EA8C9-79DF-DA92-5976-3B60F1B67004">
<hideElementsInCurrentOnly>false</hideElementsInCurrentOnly>
<bounds x="118" y="949" width="301" height="174"/>
</OView>
<OView class="oracle.dbtools.crest.swingui.relational.TVTable" oid="844ACEF5-BDD4-660E-CAB4-535BEEFAB2C6" otype="Table" vid="4E4837A0-E85D-DBA7-F4BE-73FBFB59DA2C">
<hideElementsInCurrentOnly>false</hideElementsInCurrentOnly>
<bounds x="1079" y="445" width="176" height="73"/>
</OView>
<OView class="oracle.dbtools.crest.swingui.relational.TVTable" oid="8A9029BB-B011-BD87-E5E3-B5662A766895" otype="Table" vid="B6D1BB1A-7D06-90A5-440E-B3D78B9B7582">
<hideElementsInCurrentOnly>false</hideElementsInCurrentOnly>
<bounds x="2239" y="211" width="260" height="74"/>
</OView>
<OView class="oracle.dbtools.crest.swingui.relational.TVTable" oid="915CDFF8-A8FB-8980-05A2-86B55704E080" otype="Table" vid="E1185439-0E43-22B7-C050-5489879903CA">
<hideElementsInCurrentOnly>false</hideElementsInCurrentOnly>
<bounds x="2154" y="1013" width="189" height="103"/>
</OView>
<OView class="oracle.dbtools.crest.swingui.relational.TVTable" oid="9C7F6435-313F-6DD5-0819-6C9B03688A94" otype="Table" vid="99FF03E4-56EF-D0FD-A978-F64A6C66986F">
<hideElementsInCurrentOnly>false</hideElementsInCurrentOnly>
<bounds x="33" y="701" width="241" height="69"/>
</OView>
<OView class="oracle.dbtools.crest.swingui.relational.TVTable" oid="B0F9AE43-A0C6-E714-156E-43D1C31B6ADD" otype="Table" vid="CFE05C95-AFA3-EB82-6417-78F8D1967DC6">
<hideElementsInCurrentOnly>false</hideElementsInCurrentOnly>
<bounds x="689" y="199" width="293" height="143"/>
</OView>
<OView class="oracle.dbtools.crest.swingui.relational.TVTable" oid="B9E0E1BA-B42E-9D27-36C7-885FDCD2B890" otype="Table" vid="F07FA2D7-C860-0D0A-C911-5AD2FEBFA23F">
<hideElementsInCurrentOnly>false</hideElementsInCurrentOnly>
<bounds x="2314" y="519" width="294" height="81"/>
</OView>
<OView class="oracle.dbtools.crest.swingui.relational.TVTable" oid="BEEA6166-001E-0986-EE93-4C0FD602FBB8" otype="Table" vid="8789D737-8200-56A2-CDF8-1E49A363983F">
<hideElementsInCurrentOnly>false</hideElementsInCurrentOnly>
<bounds x="1395" y="210" width="262" height="97"/>
</OView>
<OView class="oracle.dbtools.crest.swingui.relational.TVTable" oid="D15223A8-A060-C0F7-C10E-C965D26D979A" otype="Table" vid="BB21E099-7D7A-AED8-3730-0DF6B9F6E878">
<hideElementsInCurrentOnly>false</hideElementsInCurrentOnly>
<bounds x="608" y="1160" width="261" height="70"/>
</OView>
<OView class="oracle.dbtools.crest.swingui.relational.TVTable" oid="D34D439B-5A77-58C5-748D-420FB00F4D23" otype="Table" vid="407AE6DA-E366-AE8E-5F12-D1FBAC308ED1">
<hideElementsInCurrentOnly>false</hideElementsInCurrentOnly>
<bounds x="2561" y="203" width="257" height="94"/>
</OView>
<OView class="oracle.dbtools.crest.swingui.relational.TVTable" oid="E0AF177A-5459-4E9F-0AFA-CDC496511036" otype="Table" vid="DD487220-4112-6158-8855-F07E9101F5F6">
<hideElementsInCurrentOnly>false</hideElementsInCurrentOnly>
<bounds x="627" y="413" width="206" height="87"/>
</OView>
<OView class="oracle.dbtools.crest.swingui.relational.TVTable" oid="E36BB3AD-3328-700C-CE06-5D600B3631D8" otype="Table" vid="B08C356F-D855-15D8-A0DF-EEBBF114A802">
<hideElementsInCurrentOnly>false</hideElementsInCurrentOnly>
<bounds x="1243" y="850" width="270" height="89"/>
</OView>
<OView class="oracle.dbtools.crest.swingui.relational.TVTable" oid="F456E675-8BA2-2FB7-B903-8D1343147F80" otype="Table" vid="7B201EA9-CB3E-15AE-BADE-5B161637D2DB">
<hideElementsInCurrentOnly>false</hideElementsInCurrentOnly>
<bounds x="1673" y="961" width="248" height="84"/>
</OView>
<OView class="oracle.dbtools.crest.swingui.relational.TVTable" oid="F6E5F6AC-67A5-86B0-FD8B-7C232C2887A7" otype="Table" vid="F6D06E2C-47E1-58EE-CACA-56FBDC3ADC35">
<hideElementsInCurrentOnly>false</hideElementsInCurrentOnly>
<bounds x="1668" y="214" width="243" height="92"/>
</OView>
</objectViews>
<connectors>
<Connector class="oracle.dbtools.crest.swingui.relational.TVFKRelation" oid="0A0DA819-703A-E7FC-82C3-A1684D8BC30D" otype="FKIndexAssociation" vid_source="F88EA8C9-79DF-DA92-5976-3B60F1B67004" vid_target="9654B074-B74C-9D21-E585-395EBEB45205">
<hideElementsInCurrentOnly>false</hideElementsInCurrentOnly>
<lineWidth>1</lineWidth>
<points>
<point x="347" y="949"/>
<point x="347" y="731"/>
<point x="785" y="733"/>
<point x="785" y="660"/>
</points>
</Connector>
<Connector class="oracle.dbtools.crest.swingui.relational.TVFKRelation" oid="0EE09A85-42D5-4C52-8CF7-85A31ACE080D" otype="FKIndexAssociation" vid_source="FDB56DB5-3AEC-59FB-B329-87CA2535CDE1" vid_target="FDB56DB5-3AEC-59FB-B329-87CA2535CDE1">
<hideElementsInCurrentOnly>false</hideElementsInCurrentOnly>
<lineWidth>1</lineWidth>
<points>
<point x="2470" y="733"/>
<point x="2495" y="733"/>
<point x="2495" y="796"/>
<point x="2332" y="796"/>
<point x="2332" y="777"/>
</points>
</Connector>
<Connector class="oracle.dbtools.crest.swingui.relational.TVFKRelation" oid="145361B7-C25A-37A6-6016-6118D7CB1C7B" otype="FKIndexAssociation" vid_source="0EBC3952-BDE9-3E10-D898-47BFE2C84D34" vid_target="00391107-94C9-F380-C2A9-DA60CF0DB7D4">
<hideElementsInCurrentOnly>false</hideElementsInCurrentOnly>
<lineWidth>1</lineWidth>
<points>
<point x="1454" y="403"/>
<point x="1347" y="403"/>
</points>
</Connector>
<Connector class="oracle.dbtools.crest.swingui.relational.TVFKRelation" oid="14B3146A-3254-04F7-3991-4AEAD8163BBE" otype="FKIndexAssociation" vid_source="0EBC3952-BDE9-3E10-D898-47BFE2C84D34" vid_target="52A20DD8-DB68-ECE2-F093-06319FF0DF57">
<hideElementsInCurrentOnly>false</hideElementsInCurrentOnly>
<lineWidth>1</lineWidth>
<points>
<point x="1767" y="559"/>
<point x="1859" y="559"/>
</points>
</Connector>
<Connector class="oracle.dbtools.crest.swingui.relational.TVFKRelation" oid="27F620EC-89F2-368E-8D13-F432CCEFF35A" otype="FKIndexAssociation" vid_source="0EBC3952-BDE9-3E10-D898-47BFE2C84D34" vid_target="A56314A7-5B5B-2E4C-6209-6F9C95E1C1CE">
<hideElementsInCurrentOnly>false</hideElementsInCurrentOnly>
<lineWidth>1</lineWidth>
<points>
<point x="1454" y="543"/>
<point x="1239" y="543"/>
<point x="1239" y="591"/>
</points>
</Connector>
<Connector class="oracle.dbtools.crest.swingui.relational.TVFKRelation" oid="2989F3BD-18BB-B43C-17B8-60BD6E36AF6C" otype="FKIndexAssociation" vid_source="B4710A3D-66E6-9CF6-4991-8E25A7473A66" vid_target="0EBC3952-BDE9-3E10-D898-47BFE2C84D34">
<hideElementsInCurrentOnly>false</hideElementsInCurrentOnly>
<lineWidth>1</lineWidth>
<points>
<point x="1277" y="798"/>
<point x="1355" y="798"/>
<point x="1354" y="690"/>
<point x="1454" y="690"/>
</points>
</Connector>
<Connector class="oracle.dbtools.crest.swingui.relational.TVFKRelation" oid="2F245804-3FC1-439D-9254-23B2683F9C2A" otype="FKIndexAssociation" vid_source="B08C356F-D855-15D8-A0DF-EEBBF114A802" vid_target="38F66BD1-C646-3C4E-B646-0DCC477875FC">
<hideElementsInCurrentOnly>false</hideElementsInCurrentOnly>
<lineWidth>1</lineWidth>
<points>
<point x="1243" y="914"/>
<point x="907" y="914"/>
</points>
</Connector>
<Connector class="oracle.dbtools.crest.swingui.relational.TVFKRelation" oid="3257C998-8E1F-77C4-43F4-481311FDB5A8" otype="FKIndexAssociation" vid_source="38F66BD1-C646-3C4E-B646-0DCC477875FC" vid_target="F88EA8C9-79DF-DA92-5976-3B60F1B67004">
<hideElementsInCurrentOnly>false</hideElementsInCurrentOnly>
<lineWidth>1</lineWidth>
<points>
<point x="670" y="958"/>
<point x="419" y="958"/>
</points>
</Connector>
<Connector class="oracle.dbtools.crest.swingui.relational.TVFKRelation" oid="32621CFB-B6FD-64A2-F9CB-D372DB7AF212" otype="FKIndexAssociation" vid_source="FDB56DB5-3AEC-59FB-B329-87CA2535CDE1" vid_target="52A20DD8-DB68-ECE2-F093-06319FF0DF57">
<hideElementsInCurrentOnly>false</hideElementsInCurrentOnly>
<lineWidth>1</lineWidth>
<points>
<point x="2213" y="695"/>
<point x="2213" y="623"/>
<point x="2142" y="615"/>
</points>
</Connector>
<Connector class="oracle.dbtools.crest.swingui.relational.TVFKRelation" oid="34EFEDDB-2A3C-311F-676C-34ED3372C1BA" otype="FKIndexAssociation" vid_source="F6D06E2C-47E1-58EE-CACA-56FBDC3ADC35" vid_target="0EBC3952-BDE9-3E10-D898-47BFE2C84D34">
<hideElementsInCurrentOnly>false</hideElementsInCurrentOnly>
<lineWidth>1</lineWidth>
<points>
<point x="1717" y="306"/>
<point x="1717" y="369"/>
</points>
</Connector>
<Connector class="oracle.dbtools.crest.swingui.relational.TVFKRelation" oid="395B0F72-8694-47ED-B6F8-E72707CC5A97" otype="FKIndexAssociation" vid_source="4FA62ABD-8DC1-E740-DB90-BC7526BA20F2" vid_target="0EBC3952-BDE9-3E10-D898-47BFE2C84D34">
<hideElementsInCurrentOnly>false</hideElementsInCurrentOnly>
<lineWidth>1</lineWidth>
<points>
<point x="1380" y="289"/>
<point x="1500" y="320"/>
<point x="1500" y="369"/>
</points>
</Connector>
<Connector class="oracle.dbtools.crest.swingui.relational.TVFKRelation" oid="3ACB1177-819C-E68F-466D-BC5AAEEC0F47" otype="FKIndexAssociation" vid_source="CBAB9EE7-A5EE-4B86-999A-2812138238CB" vid_target="0EBC3952-BDE9-3E10-D898-47BFE2C84D34">
<hideElementsInCurrentOnly>false</hideElementsInCurrentOnly>
<lineWidth>1</lineWidth>
<points>
<point x="1688" y="761"/>
<point x="1688" y="690"/>
</points>
</Connector>
<Connector class="oracle.dbtools.crest.swingui.relational.TVFKRelation" oid="3C5DE1A6-E442-885C-4016-892F184C6751" otype="FKIndexAssociation" vid_source="CFE05C95-AFA3-EB82-6417-78F8D1967DC6" vid_target="00391107-94C9-F380-C2A9-DA60CF0DB7D4">
<hideElementsInCurrentOnly>false</hideElementsInCurrentOnly>
<lineWidth>1</lineWidth>
<points>
<point x="982" y="336"/>
<point x="1098" y="336"/>
</points>
</Connector>
<Connector class="oracle.dbtools.crest.swingui.relational.TVFKRelation" oid="3ECA4DC4-1902-767A-878E-6014C8CBCB97" otype="FKIndexAssociation" vid_source="9654B074-B74C-9D21-E585-395EBEB45205" vid_target="DD487220-4112-6158-8855-F07E9101F5F6">
<hideElementsInCurrentOnly>false</hideElementsInCurrentOnly>
<lineWidth>1</lineWidth>
<points>
<point x="772" y="544"/>
<point x="772" y="500"/>
</points>
</Connector>
<Connector class="oracle.dbtools.crest.swingui.relational.TVFKRelation" oid="3F21F878-5423-1E45-16DD-28544FE9380B" otype="FKIndexAssociation" vid_source="CBAB9EE7-A5EE-4B86-999A-2812138238CB" vid_target="0EBC3952-BDE9-3E10-D898-47BFE2C84D34">
<hideElementsInCurrentOnly>false</hideElementsInCurrentOnly>
<lineWidth>1</lineWidth>
<points>
<point x="1698" y="761"/>
<point x="1698" y="690"/>
</points>
</Connector>
<Connector class="oracle.dbtools.crest.swingui.relational.TVFKRelation" oid="51B61D4F-4190-6E5E-EBE8-93405B38BE43" otype="FKIndexAssociation" vid_source="55CF64D4-E87E-646E-2A0E-3C5F04985A0E" vid_target="FF37D145-4384-262E-393D-E510B37346B2">
<hideElementsInCurrentOnly>false</hideElementsInCurrentOnly>
<lineWidth>1</lineWidth>
<points>
<point x="434" y="574"/>
<point x="434" y="630"/>
</points>
</Connector>
<Connector class="oracle.dbtools.crest.swingui.relational.TVFKRelation" oid="675E7A36-EFAA-3E21-1DB6-3B15A8D77CBB" otype="FKIndexAssociation" vid_source="A56314A7-5B5B-2E4C-6209-6F9C95E1C1CE" vid_target="DAE6A986-E375-C9C1-606E-827ADFC7D4EC">
<hideElementsInCurrentOnly>false</hideElementsInCurrentOnly>
<lineWidth>1</lineWidth>
<points>
<point x="1175" y="680"/>
<point x="1175" y="998"/>
</points>
</Connector>
<Connector class="oracle.dbtools.crest.swingui.relational.TVFKRelation" oid="81B8D10C-8844-9280-FFC2-B599372FBE18" otype="FKIndexAssociation" vid_source="55CF64D4-E87E-646E-2A0E-3C5F04985A0E" vid_target="FF37D145-4384-262E-393D-E510B37346B2">
<hideElementsInCurrentOnly>false</hideElementsInCurrentOnly>
<lineWidth>1</lineWidth>
<points>
<point x="424" y="574"/>
<point x="424" y="630"/>
</points>
</Connector>
<Connector class="oracle.dbtools.crest.swingui.relational.TVFKRelation" oid="822AD780-B6FB-E67E-9625-018EE61BE07C" otype="FKIndexAssociation" vid_source="CFE05C95-AFA3-EB82-6417-78F8D1967DC6" vid_target="FF37D145-4384-262E-393D-E510B37346B2">
<hideElementsInCurrentOnly>false</hideElementsInCurrentOnly>
<lineWidth>1</lineWidth>
<points>
<point x="689" y="321"/>
<point x="592" y="321"/>
<point x="592" y="630"/>
</points>
</Connector>
<Connector class="oracle.dbtools.crest.swingui.relational.TVFKRelation" oid="8318C74C-0A36-AC28-EE34-C8BD7CBEF43C" otype="FKIndexAssociation" vid_source="8789D737-8200-56A2-CDF8-1E49A363983F" vid_target="0EBC3952-BDE9-3E10-D898-47BFE2C84D34">
<hideElementsInCurrentOnly>false</hideElementsInCurrentOnly>
<lineWidth>1</lineWidth>
<points>
<point x="1555" y="307"/>
<point x="1555" y="369"/>
</points>
</Connector>
<Connector class="oracle.dbtools.crest.swingui.relational.TVFKRelation" oid="8DED7624-4CD4-B2E5-6622-946101D0A872" otype="FKIndexAssociation" vid_source="257E4AD2-AA63-11BE-1EA0-26458E646641" vid_target="9654B074-B74C-9D21-E585-395EBEB45205">
<hideElementsInCurrentOnly>false</hideElementsInCurrentOnly>
<lineWidth>1</lineWidth>
<points>
<point x="452" y="1173"/>
<point x="452" y="738"/>
<point x="888" y="735"/>
<point x="888" y="660"/>
</points>
</Connector>
<Connector class="oracle.dbtools.crest.swingui.relational.TVFKRelation" oid="90DC2FF1-D848-890D-3726-9D69783CD517" otype="FKIndexAssociation" vid_source="2C1A049E-78DC-EE27-EFF5-8AC5945FD9DC" vid_target="CFE05C95-AFA3-EB82-6417-78F8D1967DC6">
<hideElementsInCurrentOnly>false</hideElementsInCurrentOnly>
<lineWidth>1</lineWidth>
<points>
<point x="949" y="161"/>
<point x="949" y="199"/>
</points>
</Connector>
<Connector class="oracle.dbtools.crest.swingui.relational.TVFKRelation" oid="979B7FC6-BB0E-9C4E-001C-568D0621BE5A" otype="FKIndexAssociation" vid_source="52A20DD8-DB68-ECE2-F093-06319FF0DF57" vid_target="D91DA003-2E9D-A868-C9F0-48D63D157086">
<hideElementsInCurrentOnly>false</hideElementsInCurrentOnly>
<lineWidth>1</lineWidth>
<points>
<point x="2132" y="503"/>
<point x="2132" y="432"/>
<point x="2235" y="432"/>
</points>
</Connector>
<Connector class="oracle.dbtools.crest.swingui.relational.TVFKRelation" oid="9D22EBF1-30C8-4371-1AE7-AB762A8D489D" otype="FKIndexAssociation" vid_source="CFE05C95-AFA3-EB82-6417-78F8D1967DC6" vid_target="55CF64D4-E87E-646E-2A0E-3C5F04985A0E">
<hideElementsInCurrentOnly>false</hideElementsInCurrentOnly>
<lineWidth>1</lineWidth>
<points>
<point x="689" y="263"/>
<point x="285" y="263"/>
<point x="285" y="449"/>
</points>
</Connector>
<Connector class="oracle.dbtools.crest.swingui.relational.TVFKRelation" oid="A0F5DC3F-D0B9-1BCA-E1F9-E5E19EE5B7D0" otype="FKIndexAssociation" vid_source="55CF64D4-E87E-646E-2A0E-3C5F04985A0E" vid_target="F88EA8C9-79DF-DA92-5976-3B60F1B67004">
<hideElementsInCurrentOnly>false</hideElementsInCurrentOnly>
<lineWidth>1</lineWidth>
<points>
<point x="282" y="574"/>
<point x="282" y="949"/>
</points>
</Connector>
<Connector class="oracle.dbtools.crest.swingui.relational.TVFKRelation" oid="A362A1E7-45AD-55AE-4A50-3306192B2653" otype="FKIndexAssociation" vid_source="B6D1BB1A-7D06-90A5-440E-B3D78B9B7582" vid_target="D91DA003-2E9D-A868-C9F0-48D63D157086">
<hideElementsInCurrentOnly>false</hideElementsInCurrentOnly>
<lineWidth>1</lineWidth>
<points>
<point x="2351" y="285"/>
<point x="2351" y="364"/>
</points>
</Connector>
<Connector class="oracle.dbtools.crest.swingui.relational.TVFKRelation" oid="BAFA9630-34F2-F910-53D6-82FE5BE84380" otype="FKIndexAssociation" vid_source="DF744EE6-09D6-F69D-622D-D96B8B9534DB" vid_target="F88EA8C9-79DF-DA92-5976-3B60F1B67004">
<hideElementsInCurrentOnly>false</hideElementsInCurrentOnly>
<lineWidth>1</lineWidth>
<points>
<point x="1928" y="1340"/>
<point x="239" y="1340"/>
<point x="239" y="1123"/>
</points>
</Connector>
<Connector class="oracle.dbtools.crest.swingui.relational.TVFKRelation" oid="BBE4C4C9-B948-C665-E8EC-FBC51E9D2FB6" otype="FKIndexAssociation" vid_source="CBAB9EE7-A5EE-4B86-999A-2812138238CB" vid_target="CBAB9EE7-A5EE-4B86-999A-2812138238CB">
<hideElementsInCurrentOnly>false</hideElementsInCurrentOnly>
<lineWidth>1</lineWidth>
<points>
<point x="1907" y="816"/>
<point x="1932" y="816"/>
<point x="1932" y="896"/>
<point x="1768" y="896"/>
<point x="1768" y="872"/>
</points>
</Connector>
<Connector class="oracle.dbtools.crest.swingui.relational.TVFKRelation" oid="C14E5AD6-6445-BBAB-5555-EBA0638F2913" otype="FKIndexAssociation" vid_source="A56314A7-5B5B-2E4C-6209-6F9C95E1C1CE" vid_target="9654B074-B74C-9D21-E585-395EBEB45205">
<hideElementsInCurrentOnly>false</hideElementsInCurrentOnly>
<lineWidth>1</lineWidth>
<points>
<point x="1020" y="625"/>
<point x="962" y="625"/>
</points>
</Connector>
<Connector class="oracle.dbtools.crest.swingui.relational.TVFKRelation" oid="C3B71AD2-9B32-69DE-41F5-0FBDCE60A797" otype="FKIndexAssociation" vid_source="F07FA2D7-C860-0D0A-C911-5AD2FEBFA23F" vid_target="52A20DD8-DB68-ECE2-F093-06319FF0DF57">
<hideElementsInCurrentOnly>false</hideElementsInCurrentOnly>
<lineWidth>1</lineWidth>
<points>
<point x="2314" y="559"/>
<point x="2142" y="559"/>
</points>
</Connector>
<Connector class="oracle.dbtools.crest.swingui.relational.TVFKRelation" oid="C5B0D3E5-B433-3530-4B66-85154DFD85D1" otype="FKIndexAssociation" vid_source="C53CB9BC-6585-2B44-5362-50C9FAD4D415" vid_target="CFE05C95-AFA3-EB82-6417-78F8D1967DC6">
<hideElementsInCurrentOnly>false</hideElementsInCurrentOnly>
<lineWidth>1</lineWidth>
<points>
<point x="368" y="221"/>
<point x="689" y="221"/>
</points>
</Connector>
<Connector class="oracle.dbtools.crest.swingui.relational.TVFKRelation" oid="CA3EBF23-96BC-8061-26B6-232D9AF2EE67" otype="FKIndexAssociation" vid_source="8CA27E58-E0BF-ECEF-9327-5855B15ECD40" vid_target="38F66BD1-C646-3C4E-B646-0DCC477875FC">
<hideElementsInCurrentOnly>false</hideElementsInCurrentOnly>
<lineWidth>1</lineWidth>
<points>
<point x="790" y="839"/>
<point x="790" y="890"/>
</points>
</Connector>
<Connector class="oracle.dbtools.crest.swingui.relational.TVFKRelation" oid="D0AD1471-8BDB-D26B-C107-533BD9CCD81C" otype="FKIndexAssociation" vid_source="7B201EA9-CB3E-15AE-BADE-5B161637D2DB" vid_target="CBAB9EE7-A5EE-4B86-999A-2812138238CB">
<hideElementsInCurrentOnly>false</hideElementsInCurrentOnly>
<lineWidth>1</lineWidth>
<points>
<point x="1790" y="961"/>
<point x="1790" y="872"/>
</points>
</Connector>
<Connector class="oracle.dbtools.crest.swingui.relational.TVFKRelation" oid="D0B23912-6E85-A69A-589A-F17205789901" otype="FKIndexAssociation" vid_source="FFEBA192-2702-31C9-39BD-810758ABAEA0" vid_target="DF744EE6-09D6-F69D-622D-D96B8B9534DB">
<hideElementsInCurrentOnly>false</hideElementsInCurrentOnly>
<lineWidth>1</lineWidth>
<points>
<point x="2264" y="1280"/>
<point x="2188" y="1280"/>
</points>
</Connector>
<Connector class="oracle.dbtools.crest.swingui.relational.TVFKRelation" oid="D2312C70-8F65-0B4D-1765-0BE911EC982B" otype="FKIndexAssociation" vid_source="B4710A3D-66E6-9CF6-4991-8E25A7473A66" vid_target="8CA27E58-E0BF-ECEF-9327-5855B15ECD40">
<hideElementsInCurrentOnly>false</hideElementsInCurrentOnly>
<lineWidth>1</lineWidth>
<points>
<point x="1037" y="784"/>
<point x="928" y="784"/>
</points>
</Connector>
<Connector class="oracle.dbtools.crest.swingui.relational.TVFKRelation" oid="DC914842-973C-9218-3A6C-AEB210DA408C" otype="FKIndexAssociation" vid_source="BB21E099-7D7A-AED8-3730-0DF6B9F6E878" vid_target="257E4AD2-AA63-11BE-1EA0-26458E646641">
<hideElementsInCurrentOnly>false</hideElementsInCurrentOnly>
<lineWidth>1</lineWidth>
<points>
<point x="608" y="1201"/>
<point x="529" y="1201"/>
</points>
</Connector>
<Connector class="oracle.dbtools.crest.swingui.relational.TVFKRelation" oid="E0DE5B30-1ACD-5DCF-7F6D-401F1CC0CFF7" otype="FKIndexAssociation" vid_source="C1B78A2E-5B15-0BB2-3D61-A698591B2F75" vid_target="DAE6A986-E375-C9C1-606E-827ADFC7D4EC">
<hideElementsInCurrentOnly>false</hideElementsInCurrentOnly>
<lineWidth>1</lineWidth>
<points>
<point x="1121" y="1153"/>
<point x="1121" y="1095"/>
</points>
</Connector>
<Connector class="oracle.dbtools.crest.swingui.relational.TVFKRelation" oid="E1925567-F6CF-489B-F6E0-2479B0329B66" otype="FKIndexAssociation" vid_source="52A20DD8-DB68-ECE2-F093-06319FF0DF57" vid_target="DF744EE6-09D6-F69D-622D-D96B8B9534DB">
<hideElementsInCurrentOnly>false</hideElementsInCurrentOnly>
<lineWidth>1</lineWidth>
<points>
<point x="2035" y="615"/>
<point x="2035" y="1244"/>
</points>
</Connector>
<Connector class="oracle.dbtools.crest.swingui.relational.TVFKRelation" oid="E47EE246-93D0-A28C-D730-3BE67B018919" otype="FKIndexAssociation" vid_source="257E4AD2-AA63-11BE-1EA0-26458E646641" vid_target="F88EA8C9-79DF-DA92-5976-3B60F1B67004">
<hideElementsInCurrentOnly>false</hideElementsInCurrentOnly>
<lineWidth>1</lineWidth>
<points>
<point x="339" y="1173"/>
<point x="339" y="1123"/>
</points>
</Connector>
<Connector class="oracle.dbtools.crest.swingui.relational.TVFKRelation" oid="E4AA7E03-89C4-63DA-6069-80B48E725985" otype="FKIndexAssociation" vid_source="407AE6DA-E366-AE8E-5F12-D1FBAC308ED1" vid_target="D91DA003-2E9D-A868-C9F0-48D63D157086">
<hideElementsInCurrentOnly>false</hideElementsInCurrentOnly>
<lineWidth>1</lineWidth>
<points>
<point x="2588" y="297"/>
<point x="2588" y="382"/>
<point x="2464" y="382"/>
</points>
</Connector>
<Connector class="oracle.dbtools.crest.swingui.relational.TVFKRelation" oid="E6F2AAB6-6C6C-1B25-736F-BA755CCE87E6" otype="FKIndexAssociation" vid_source="E1185439-0E43-22B7-C050-5489879903CA" vid_target="DF744EE6-09D6-F69D-622D-D96B8B9534DB">
<hideElementsInCurrentOnly>false</hideElementsInCurrentOnly>
<lineWidth>1</lineWidth>
<points>
<point x="2171" y="1116"/>
<point x="2171" y="1244"/>
</points>
</Connector>
<Connector class="oracle.dbtools.crest.swingui.relational.TVFKRelation" oid="E84EEA22-E1EA-E0B8-AD6F-6E39FEC15B9F" otype="FKIndexAssociation" vid_source="99FF03E4-56EF-D0FD-A978-F64A6C66986F" vid_target="55CF64D4-E87E-646E-2A0E-3C5F04985A0E">
<hideElementsInCurrentOnly>false</hideElementsInCurrentOnly>
<lineWidth>1</lineWidth>
<points>
<point x="209" y="701"/>
<point x="209" y="574"/>
</points>
</Connector>
<Connector class="oracle.dbtools.crest.swingui.relational.TVFKRelation" oid="EC6B4D7B-19B4-8228-A5EB-758889AFDC08" otype="FKIndexAssociation" vid_source="4E4837A0-E85D-DBA7-F4BE-73FBFB59DA2C" vid_target="DD487220-4112-6158-8855-F07E9101F5F6">
<hideElementsInCurrentOnly>false</hideElementsInCurrentOnly>
<lineWidth>1</lineWidth>
<points>
<point x="1079" y="472"/>
<point x="833" y="472"/>
</points>
</Connector>
<Connector class="oracle.dbtools.crest.swingui.relational.TVFKRelation" oid="F982B96D-5239-4148-59E2-6BB3FFA97BAE" otype="FKIndexAssociation" vid_source="F88EA8C9-79DF-DA92-5976-3B60F1B67004" vid_target="DAE6A986-E375-C9C1-606E-827ADFC7D4EC">
<hideElementsInCurrentOnly>false</hideElementsInCurrentOnly>
<lineWidth>1</lineWidth>
<points>
<point x="419" y="1046"/>
<point x="1016" y="1046"/>
</points>
</Connector>
</connectors>
</Diagram>